experiment_name,FractionID,FractionOrder
HEK_SEC2,Control_HEK_SEC_020118_30b,21
HEK_SEC2,Control_HEK_SEC_020118_31b,22
HEK_SEC2,Control_HEK_SEC_020118_32b,23
HEK_SEC2,Control_HEK_SEC_020118_33b,24
HEK_SEC2,Control_HEK_SEC_020118_34b,25
HEK_SEC2,Control_HEK_SEC_020118_35b,26
HEK_SEC2,Control_HEK_SEC_020118_38b,29
HEK_SEC2,Control_HEK_SEC_020118_42b,33
HEK_SEC2,Control_HEK_SEC_020118_44b,35
HEK_SEC2,Control_HEK_SEC_020118_51b,42
HEK_SEC2,Control_HEK_SEC_020118_22b,13
HEK_SEC2,Control_HEK_SEC_020118_21b,12
HEK_SEC2,Control_HEK_SEC_020118_19b,10
HEK_SEC2,Control_HEK_SEC_020118_28b,19
HEK_SEC2,Control_HEK_SEC_020118_39b,30
HEK_SEC2,Control_HEK_SEC_020118_29b,20
HEK_SEC2,Control_HEK_SEC_020118_16b,7
HEK_SEC2,Control_HEK_SEC_020118_43b,34
HEK_SEC2,Control_HEK_SEC_020118_17b,8
HEK_SEC2,Control_HEK_SEC_020118_18b,9
HEK_SEC2,Control_HEK_SEC_020118_23b,14
HEK_SEC2,Control_HEK_SEC_020118_24b,15
HEK_SEC2,Control_HEK_SEC_020118_45b,36
HEK_SEC2,Control_HEK_SEC_020118_46b,37
HEK_SEC2,Control_HEK_SEC_020118_47b,38
HEK_SEC2,Control_HEK_SEC_020118_48c,39
HEK_SEC2,Control_HEK_SEC_020118_40b,31
HEK_SEC2,Control_HEK_SEC_020118_41b,32
HEK_SEC2,Control_HEK_SEC_020118_27b,18
HEK_SEC2,Control_HEK_SEC_020118_37c,28
HEK_SEC2,Control_HEK_SEC_020118_15b,6
HEK_SEC2,Control_HEK_SEC_020118_20b,11
HEK_SEC2,Control_HEK_SEC_020118_25c,16
HEK_SEC2,Control_HEK_SEC_020118_26b,17
HEK_SEC2,Control_HEK_SEC_020118_36c,27
HEK_SEC2,Control_HEK_SEC_020118_50b,41
HEK_SEC2,Control_HEK_SEC_020118_53b,44
HEK_SEC2,Control_HEK_SEC_020118_55b,46
HEK_SEC2,Control_HEK_SEC_020118_49c,40
HEK_SEC2,Control_HEK_SEC_020118_56b,47
HEK_SEC2,Control_HEK_SEC_020118_63b,54
HEK_SEC2,Control_HEK_SEC_020118_57b,48
HEK_SEC2,Control_HEK_SEC_020118_59b,50
HEK_SEC2,Control_HEK_SEC_020118_60c,51
HEK_SEC2,Control_HEK_SEC_020118_52b,43
HEK_SEC2,Control_HEK_SEC_020118_54b,45
HEK_SEC2,Control_HEK_SEC_020118_62b,53
HEK_SEC2,Control_HEK_SEC_020118_65b,56
HEK_SEC2,Control_HEK_SEC_020118_61c,52
HEK_SEC2,Control_HEK_SEC_020118_66b,57
HEK_SEC2,Control_HEK_SEC_020118_67b,58
HEK_SEC2,Control_HEK_SEC_020118_68b,59
HEK_SEC2,Control_HEK_SEC_020118_70b,61
HEK_SEC2,Control_HEK_SEC_020118_58b,49
HEK_SEC2,Control_HEK_SEC_020118_64b,55
HEK_SEC2,Control_HEK_SEC_020118_69b,60
HEK_SEC2,Control_HEK_SEC_020118_13b,4
HEK_SEC2,Control_HEK_SEC_020118_10b,1
HEK_SEC2,Control_HEK_SEC_020118_12b,3
HEK_SEC2,Control_HEK_SEC_020118_11b,2
HEK_SEC2,Control_HEK_SEC_020118_14b,5
HEK_IEX1,HEK293T_control_IEX_6a_011217,64
HEK_IEX1,HEK293T_control_IEX_46a_011217,38
HEK_IEX1,HEK293T_control_IEX_44a_011217,36
HEK_IEX1,HEK293T_control_IEX_47a_011217,39
HEK_IEX1,HEK293T_control_IEX_48a_011217,40
HEK_IEX1,HEK293T_control_IEX_61a_011217,55
HEK_IEX1,HEK293T_control_IEX_63a_011217,57
HEK_IEX1,HEK293T_control_IEX_29a_011217,20
HEK_IEX1,HEK293T_control_IEX_30a_011217,21
HEK_IEX1,HEK293T_control_IEX_45a_011217,37
HEK_IEX1,HEK293T_control_IEX_35a_011217,26
HEK_IEX1,HEK293T_control_IEX_36a_011217,27
HEK_IEX1,HEK293T_control_IEX_50a_011217,43
HEK_IEX1,HEK293T_control_IEX_31a_011217,22
HEK_IEX1,HEK293T_control_IEX_60a_011217,54
HEK_IEX1,HEK293T_control_IEX_51a_011217,44
HEK_IEX1,HEK293T_control_IEX_41a_011217,33
HEK_IEX1,HEK293T_control_IEX_42a_011217,34
HEK_IEX1,HEK293T_control_IEX_43a_011217,35
HEK_IEX1,HEK293T_control_IEX_49a_011217,41
HEK_IEX1,HEK293T_control_IEX_53a_011217,46
HEK_IEX1,HEK293T_control_IEX_54a_011217,47
HEK_IEX1,HEK293T_control_IEX_52a_011217,45
HEK_IEX1,HEK293T_control_IEX_64a_011217,58
HEK_IEX1,HEK293T_control_IEX_65a_011217,59
HEK_IEX1,HEK293T_control_IEX_71a_011217,66
HEK_IEX1,HEK293T_control_IEX_57a_011217,50
HEK_IEX1,HEK293T_control_IEX_66a_011217,60
HEK_IEX1,HEK293T_control_IEX_33a_011217,24
HEK_IEX1,HEK293T_control_IEX_12a_011217,3
HEK_IEX1,HEK293T_control_IEX_23a_011217,14
HEK_IEX1,HEK293T_control_IEX_24a_011217,15
HEK_IEX1,HEK293T_control_IEX_25a_011217,16
HEK_IEX1,HEK293T_control_IEX_26a_011217,17
HEK_IEX1,HEK293T_control_IEX_27a_011217,18
HEK_IEX1,HEK293T_control_IEX_28a_011217,19
HEK_IEX1,HEK293T_control_IEX_70a_011217,65
HEK_IEX1,HEK293T_control_IEX_22a_011217,13
HEK_IEX1,HEK293T_control_IEX_38a_011217,29
HEK_IEX1,HEK293T_control_IEX_39a_011217,30
HEK_IEX1,HEK293T_control_IEX_40a_011217,32
HEK_IEX1,HEK293T_control_IEX_37a_011217,28
HEK_IEX1,HEK293T_control_IEX_34a_011217,25
HEK_IEX1,HEK293T_control_IEX_55a_011217,48
HEK_IEX1,HEK293T_control_IEX_32a_011217,23
HEK_IEX1,HEK293T_control_IEX_7a_011217,68
HEK_IEX1,HEK293T_control_IEX_8a_011217,69
HEK_IEX1,HEK293T_control_IEX_58a_011217,51
HEK_IEX1,HEK293T_control_IEX_59a_011217,52
HEK_IEX1,HEK293T_control_IEX_67a_011217,61
HEK_IEX1,HEK293T_control_IEX_68a_011217,62
HEK_IEX1,HEK293T_control_IEX_72a_011217,67
HEK_IEX1,HEK293T_control_IEX_4a_011217,42
HEK_IEX1,HEK293T_control_IEX_56a_011217,49
HEK_IEX1,HEK293T_control_IEX_62a_011217,56
HEK_IEX1,HEK293T_control_IEX_69a_011217,63
HEK_IEX1,HEK293T_control_IEX_13a_011217,4
HEK_IEX1,HEK293T_control_IEX_16a_011217,7
HEK_IEX1,HEK293T_control_IEX_19a_011217,10
HEK_IEX1,HEK293T_control_IEX_21a_011217,12
HEK_IEX1,HEK293T_control_IEX_9a_011217,70
HEK_IEX1,HEK293T_control_IEX_10a_011217,1
HEK_IEX1,HEK293T_control_IEX_14a_011217,5
HEK_IEX1,HEK293T_control_IEX_18a_011217,9
HEK_IEX1,HEK293T_control_IEX_5a_011217,53
HEK_IEX1,HEK293T_control_IEX_11a_011217,2
HEK_IEX1,HEK293T_control_IEX_15a_011217,6
HEK_IEX1,HEK293T_control_IEX_17a_011217,8
HEK_IEX1,HEK293T_control_IEX_20a_011217,11
HEK_IEX1,HEK293T_control_IEX_3a_011217,31
HEK_IEX2,HEK293T_ctrl_IEX_SC_59a_042217,59
HEK_IEX2,HEK293T_ctrl_IEX_SC_51a_042217,51
HEK_IEX2,HEK293T_ctrl_IEX_SC_61a_042217,61
HEK_IEX2,HEK293T_ctrl_IEX_SC_62a_042217,62
HEK_IEX2,HEK293T_ctrl_IEX_SC_64a_042217,64
HEK_IEX2,HEK293T_ctrl_IEX_SC_66a_042217,66
HEK_IEX2,HEK293T_ctrl_IEX_SC_28a_042217,28
HEK_IEX2,HEK293T_ctrl_IEX_SC_30a_042217,30
HEK_IEX2,HEK293T_ctrl_IEX_SC_32a_042217,32
HEK_IEX2,HEK293T_ctrl_IEX_SC_33a_042217,33
HEK_IEX2,HEK293T_ctrl_IEX_SC_34a_042217,34
HEK_IEX2,HEK293T_ctrl_IEX_SC_23a_042217,23
HEK_IEX2,HEK293T_ctrl_IEX_SC_24a_042217,24
HEK_IEX2,HEK293T_ctrl_IEX_SC_54a_042217,54
HEK_IEX2,HEK293T_ctrl_IEX_SC_47a_042217,47
HEK_IEX2,HEK293T_ctrl_IEX_SC_45a_042217,45
HEK_IEX2,HEK293T_ctrl_IEX_SC_46a_042217,46
HEK_IEX2,HEK293T_ctrl_IEX_SC_48a_042217,48
HEK_IEX2,HEK293T_ctrl_IEX_SC_53a_042217,53
HEK_IEX2,HEK293T_ctrl_IEX_SC_36a_042217,36
HEK_IEX2,HEK293T_ctrl_IEX_SC_80a_042217,80
HEK_IEX2,HEK293T_ctrl_IEX_SC_55a_042217,55
HEK_IEX2,HEK293T_ctrl_IEX_SC_56a_042217,56
HEK_IEX2,HEK293T_ctrl_IEX_SC_57a_042217,57
HEK_IEX2,HEK293T_ctrl_IEX_SC_72a_042217,72
HEK_IEX2,HEK293T_ctrl_IEX_SC_73a_042217,73
HEK_IEX2,HEK293T_ctrl_IEX_SC_75a_042217,75
HEK_IEX2,HEK293T_ctrl_IEX_SC_76a_042217,76
HEK_IEX2,HEK293T_ctrl_IEX_SC_78a_042217,78
HEK_IEX2,HEK293T_ctrl_IEX_SC_27a_042217,27
HEK_IEX2,HEK293T_ctrl_IEX_SC_63a_042217,63
HEK_IEX2,HEK293T_ctrl_IEX_SC_65a_042217,65
HEK_IEX2,HEK293T_ctrl_IEX_SC_50a_042217,50
HEK_IEX2,HEK293T_ctrl_IEX_SC_38a_042217,38
HEK_IEX2,HEK293T_ctrl_IEX_SC_39a_042217,39
HEK_IEX2,HEK293T_ctrl_IEX_SC_67a_042217,67
HEK_IEX2,HEK293T_ctrl_IEX_SC_74a_042217,74
HEK_IEX2,HEK293T_ctrl_IEX_SC_84a_042217,84
HEK_IEX2,HEK293T_ctrl_IEX_SC_69a_042217,69
HEK_IEX2,HEK293T_ctrl_IEX_SC_70a_042217,70
HEK_IEX2,HEK293T_ctrl_IEX_SC_71a_042217,71
HEK_IEX2,HEK293T_ctrl_IEX_SC_77a_042217,77
HEK_IEX2,HEK293T_ctrl_IEX_SC_79a_042217,79
HEK_IEX2,HEK293T_ctrl_IEX_SC_81a_042217,81
HEK_IEX2,HEK293T_ctrl_IEX_SC_82a_042217,82
HEK_IEX2,HEK293T_ctrl_IEX_SC_83a_042217,83
HEK_IEX2,HEK293T_ctrl_IEX_SC_68a_042217,68
HEK_IEX2,HEK293T_ctrl_IEX_SC_43a_042217,43
HEK_IEX2,HEK293T_ctrl_IEX_SC_25a_042217,25
HEK_IEX2,HEK293T_ctrl_IEX_SC_26a_042217,26
HEK_IEX2,HEK293T_ctrl_IEX_SC_58a_042217,58
HEK_IEX2,HEK293T_ctrl_IEX_SC_44a_042217,44
HEK_IEX2,HEK293T_ctrl_IEX_SC_35a_042217,35
HEK_IEX2,HEK293T_ctrl_IEX_SC_40a_042217,40
HEK_IEX2,HEK293T_ctrl_IEX_SC_49a_042217,49
HEK_IEX2,HEK293T_ctrl_IEX_SC_22a_042217,22
HEK_IEX2,HEK293T_ctrl_IEX_SC_10a_042217,10
HEK_IEX2,HEK293T_ctrl_IEX_SC_52a_042217,52
HEK_IEX2,HEK293T_ctrl_IEX_SC_60a_042217,60
HEK_IEX2,HEK293T_ctrl_IEX_SC_19a_042217,19
HEK_IEX2,HEK293T_ctrl_IEX_SC_20a_042217,20
HEK_IEX2,HEK293T_ctrl_IEX_SC_41a_042217,41
HEK_IEX2,HEK293T_ctrl_IEX_SC_42a_042217,42
HEK_IEX2,HEK293T_ctrl_IEX_SC_37a_042217,37
HEK_IEX2,HEK293T_ctrl_IEX_SC_08a_042217,8
HEK_IEX2,HEK293T_ctrl_IEX_SC_07a_042217,7
HEK_IEX2,HEK293T_ctrl_IEX_SC_31a_042217,31
HEK_IEX2,HEK293T_ctrl_IEX_SC_11a_042217,11
HEK_IEX2,HEK293T_ctrl_IEX_SC_16a_042217,16
HEK_IEX2,HEK293T_ctrl_IEX_SC_17a_042217,17
HEK_IEX2,HEK293T_ctrl_IEX_SC_18a_042217,18
HEK_IEX2,HEK293T_ctrl_IEX_SC_06a_042217,6
HEK_IEX2,HEK293T_ctrl_IEX_SC_12a_042217,12
HEK_IEX2,HEK293T_ctrl_IEX_SC_15a_042217,15
HEK_IEX2,HEK293T_ctrl_IEX_SC_21a_042217,21
HEK_IEX2,HEK293T_ctrl_IEX_SC_13a_042217,13
HEK_IEX2,HEK293T_ctrl_IEX_SC_29a_042217,29
HEK_IEX2,HEK293T_ctrl_IEX_SC_09a_042217,9
HEK_IEX2,HEK293T_ctrl_IEX_SC_01a_042217,1
HEK_IEX2,HEK293T_ctrl_IEX_SC_04a_042217,4
HEK_IEX2,HEK293T_ctrl_IEX_SC_05a_042217,5
HEK_IEX2,HEK293T_ctrl_IEX_SC_02a_042217,2
HEK_IEX2,HEK293T_ctrl_IEX_SC_14a_042217,14
HEK_IEX2,HEK293T_ctrl_IEX_SC_03a_042217,3
HEK_SEC1,HEK293T_ctrl_SEC_29a_113016,17
HEK_SEC1,HEK293T_ctrl_SEC_30a_113016,18
HEK_SEC1,HEK293T_ctrl_SEC_35a_113016,23
HEK_SEC1,HEK293T_ctrl_SEC_36a_113016,24
HEK_SEC1,HEK293T_ctrl_SEC_37a_113016,25
HEK_SEC1,HEK293T_ctrl_SEC_26a_113016,14
HEK_SEC1,HEK293T_ctrl_SEC_45a_113016,33
HEK_SEC1,HEK293T_ctrl_SEC_52a_113016,40
HEK_SEC1,HEK293T_ctrl_SEC_28a_113016,16
HEK_SEC1,HEK293T_ctrl_SEC_27a_113016,15
HEK_SEC1,HEK293T_ctrl_SEC_31a_113016,19
HEK_SEC1,HEK293T_ctrl_SEC_32a_113016,20
HEK_SEC1,HEK293T_ctrl_SEC_33a_113016,21
HEK_SEC1,HEK293T_ctrl_SEC_34a_113016,22
HEK_SEC1,HEK293T_ctrl_SEC_39a_113016,27
HEK_SEC1,HEK293T_ctrl_SEC_48a_113016,36
HEK_SEC1,HEK293T_ctrl_SEC_50a_113016,38
HEK_SEC1,HEK293T_ctrl_SEC_40a_113016,28
HEK_SEC1,HEK293T_ctrl_SEC_38a_113016,26
HEK_SEC1,HEK293T_ctrl_SEC_41a_113016,29
HEK_SEC1,HEK293T_ctrl_SEC_42a_113016,30
HEK_SEC1,HEK293T_ctrl_SEC_18a_113016,6
HEK_SEC1,HEK293T_ctrl_SEC_22a_113016,10
HEK_SEC1,HEK293T_ctrl_SEC_43a_113016,31
HEK_SEC1,HEK293T_ctrl_SEC_19a_113016,7
HEK_SEC1,HEK293T_ctrl_SEC_17a_113016,5
HEK_SEC1,HEK293T_ctrl_SEC_20a_113016,8
HEK_SEC1,HEK293T_ctrl_SEC_21a_113016,9
HEK_SEC1,HEK293T_ctrl_SEC_23a_113016,11
HEK_SEC1,HEK293T_ctrl_SEC_24a_113016,12
HEK_SEC1,HEK293T_ctrl_SEC_25a_113016,13
HEK_SEC1,HEK293T_ctrl_SEC_60a_113016,48
HEK_SEC1,HEK293T_ctrl_SEC_58a_113016,46
HEK_SEC1,HEK293T_ctrl_SEC_55a_113016,43
HEK_SEC1,HEK293T_ctrl_SEC_44a_113016,32
HEK_SEC1,HEK293T_ctrl_SEC_46a_113016,34
HEK_SEC1,HEK293T_ctrl_SEC_47a_113016,35
HEK_SEC1,HEK293T_ctrl_SEC_51a_113016,39
HEK_SEC1,HEK293T_ctrl_SEC_53a_113016,41
HEK_SEC1,HEK293T_ctrl_SEC_49a_113016,37
HEK_SEC1,HEK293T_ctrl_SEC_54a_113016,42
HEK_SEC1,HEK293T_ctrl_SEC_56a_113016,44
HEK_SEC1,HEK293T_ctrl_SEC_57a_113016,45
HEK_SEC1,HEK293T_ctrl_SEC_59a_113016,47
HEK_SEC1,HEK293T_ctrl_SEC_61a_113016,49
HEK_SEC1,HEK293T_ctrl_SEC_62a_113016,50
HEK_SEC1,HEK293T_ctrl_SEC_16a_113016,4
HEK_SEC1,HEK293T_ctrl_SEC_13a_113016,1
HEK_SEC1,HEK293T_ctrl_SEC_14a_113016,2
HEK_SEC1,HEK293T_ctrl_SEC_15a_113016,3
HEKR_SEC1,HEK293T_RNASE_SEC_54a_120916,42
HEKR_SEC1,HEK293T_RNASE_SEC_31a_120916,19
HEKR_SEC1,HEK293T_RNASE_SEC_48a_120916,36
HEKR_SEC1,HEK293T_RNASE_SEC_28a_120916,16
HEKR_SEC1,HEK293T_RNASE_SEC_46a_120916,34
HEKR_SEC1,HEK293T_RNASE_SEC_50a_120916,38
HEKR_SEC1,HEK293T_RNASE_SEC_52a_120916,40
HEKR_SEC1,HEK293T_RNASE_SEC_53a_120916,41
HEKR_SEC1,HEK293T_RNASE_SEC_30a_120916,18
HEKR_SEC1,HEK293T_RNASE_SEC_25a_120916,13
HEKR_SEC1,HEK293T_RNASE_SEC_27a_120916,15
HEKR_SEC1,HEK293T_RNASE_SEC_39a_120916,27
HEKR_SEC1,HEK293T_RNASE_SEC_40a_120916,28
HEKR_SEC1,HEK293T_RNASE_SEC_41a_120916,29
HEKR_SEC1,HEK293T_RNASE_SEC_43a_120916,31
HEKR_SEC1,HEK293T_RNASE_SEC_37a_120916,25
HEKR_SEC1,HEK293T_RNASE_SEC_42a_120916,30
HEKR_SEC1,HEK293T_RNASE_SEC_32a_120916,20
HEKR_SEC1,HEK293T_RNASE_SEC_44a_120916,32
HEKR_SEC1,HEK293T_RNASE_SEC_19a_120916,7
HEKR_SEC1,HEK293T_RNASE_SEC_20a_120916,8
HEKR_SEC1,HEK293T_RNASE_SEC_22a_120916,10
HEKR_SEC1,HEK293T_RNASE_SEC_35a_120916,23
HEKR_SEC1,HEK293T_RNASE_SEC_36a_120916,24
HEKR_SEC1,HEK293T_RNASE_SEC_59a_120916,47
HEKR_SEC1,HEK293T_RNASE_SEC_47a_120916,35
HEKR_SEC1,HEK293T_RNASE_SEC_49a_120916,37
HEKR_SEC1,HEK293T_RNASE_SEC_51a_120916,39
HEKR_SEC1,HEK293T_RNASE_SEC_45a_120916,33
HEKR_SEC1,HEK293T_RNASE_SEC_38a_120916,26
HEKR_SEC1,HEK293T_RNASE_SEC_33a_120916,21
HEKR_SEC1,HEK293T_RNASE_SEC_34a_120916,22
HEKR_SEC1,HEK293T_RNASE_SEC_26a_120916,14
HEKR_SEC1,HEK293T_RNASE_SEC_29a_120916,17
HEKR_SEC1,HEK293T_RNASE_SEC_23a_120916,11
HEKR_SEC1,HEK293T_RNASE_SEC_18a_120916,6
HEKR_SEC1,HEK293T_RNASE_SEC_21a_120916,9
HEKR_SEC1,HEK293T_RNASE_SEC_56a_120916,44
HEKR_SEC1,HEK293T_RNASE_SEC_58a_120916,46
HEKR_SEC1,HEK293T_RNASE_SEC_61a_120916,49
HEKR_SEC1,HEK293T_RNASE_SEC_55a_120916,43
HEKR_SEC1,HEK293T_RNASE_SEC_62a_120916,50
HEKR_SEC1,HEK293T_RNASE_SEC_24a_120916,12
HEKR_SEC1,HEK293T_RNASE_SEC_17a_120916,5
HEKR_SEC1,HEK293T_RNASE_SEC_57a_120916,45
HEKR_SEC1,HEK293T_RNASE_SEC_60a_120916,48
HEKR_SEC1,HEK293T_RNASE_SEC_14a_120916,2
HEKR_SEC1,HEK293T_RNASE_SEC_16a_120916,4
HEKR_SEC1,HEK293T_RNASE_SEC_13a_120916,1
HEKR_SEC1,HEK293T_RNASE_SEC_15a_120916,3
HEKR_SEC2,RNaseA_HEK_SEC_012318_23a,14
HEKR_SEC2,RNaseA_HEK_SEC_012318_24a,15
HEKR_SEC2,RNaseA_HEK_SEC_012318_27a,18
HEKR_SEC2,RNaseA_HEK_SEC_012318_30a,21
HEKR_SEC2,RNaseA_HEK_SEC_012318_31a,22
HEKR_SEC2,RNaseA_HEK_SEC_012318_33a,24
HEKR_SEC2,RNaseA_HEK_SEC_012318_43a,34
HEKR_SEC2,RNaseA_HEK_SEC_012318_44a,35
HEKR_SEC2,RNaseA_HEK_SEC_012318_48a,39
HEKR_SEC2,RNaseA_HEK_SEC_012318_59a,50
HEKR_SEC2,RNaseA_HEK_SEC_012318_38a,29
HEKR_SEC2,RNaseA_HEK_SEC_012318_54a,45
HEKR_SEC2,RNaseA_HEK_SEC_012318_34a,25
HEKR_SEC2,RNaseA_HEK_SEC_012318_35a,26
HEKR_SEC2,RNaseA_HEK_SEC_012318_36a,27
HEKR_SEC2,RNaseA_HEK_SEC_012318_39a,30
HEKR_SEC2,RNaseA_HEK_SEC_012318_40a,31
HEKR_SEC2,RNaseA_HEK_SEC_012318_28a,19
HEKR_SEC2,RNaseA_HEK_SEC_012318_29a,20
HEKR_SEC2,RNaseA_HEK_SEC_012318_16a,7
HEKR_SEC2,RNaseA_HEK_SEC_012318_12a,3
HEKR_SEC2,RNaseA_HEK_SEC_012318_21a,12
HEKR_SEC2,RNaseA_HEK_SEC_012318_22a,13
HEKR_SEC2,RNaseA_HEK_SEC_012318_25a,16
HEKR_SEC2,RNaseA_HEK_SEC_012318_26a,17
HEKR_SEC2,RNaseA_HEK_SEC_012318_49a,40
HEKR_SEC2,RNaseA_HEK_SEC_012318_53a,44
HEKR_SEC2,RNaseA_HEK_SEC_012318_55a,46
HEKR_SEC2,RNaseA_HEK_SEC_012318_56a,47
HEKR_SEC2,RNaseA_HEK_SEC_012318_58a,49
HEKR_SEC2,RNaseA_HEK_SEC_012318_62a,53
HEKR_SEC2,RNaseA_HEK_SEC_012318_63a,54
HEKR_SEC2,RNaseA_HEK_SEC_012318_66a,57
HEKR_SEC2,RNaseA_HEK_SEC_012318_67a,58
HEKR_SEC2,RNaseA_HEK_SEC_012318_69a,60
HEKR_SEC2,RNaseA_HEK_SEC_012318_45a,36
HEKR_SEC2,RNaseA_HEK_SEC_012318_46a,37
HEKR_SEC2,RNaseA_HEK_SEC_012318_47a,38
HEKR_SEC2,RNaseA_HEK_SEC_012318_18a,9
HEKR_SEC2,RNaseA_HEK_SEC_012318_19a,10
HEKR_SEC2,RNaseA_HEK_SEC_012318_20a,11
HEKR_SEC2,RNaseA_HEK_SEC_012318_32a,23
HEKR_SEC2,RNaseA_HEK_SEC_012318_37a,28
HEKR_SEC2,RNaseA_HEK_SEC_012318_41a,32
HEKR_SEC2,RNaseA_HEK_SEC_012318_42a,33
HEKR_SEC2,RNaseA_HEK_SEC_012318_17a,8
HEKR_SEC2,RNaseA_HEK_SEC_012318_52a,43
HEKR_SEC2,RNaseA_HEK_SEC_012318_50a,41
HEKR_SEC2,RNaseA_HEK_SEC_012318_51a,42
HEKR_SEC2,RNaseA_HEK_SEC_012318_65a,56
HEKR_SEC2,RNaseA_HEK_SEC_012318_60a,51
HEKR_SEC2,RNaseA_HEK_SEC_012318_61a,52
HEKR_SEC2,RNaseA_HEK_SEC_012318_57a,48
HEKR_SEC2,RNaseA_HEK_SEC_012318_64a,55
HEKR_SEC2,RNaseA_HEK_SEC_012318_68a,59
HEKR_SEC2,RNaseA_HEK_SEC_012318_70a,61
HEKR_SEC2,RNaseA_HEK_SEC_012318_11a,2
HEKR_SEC2,RNaseA_HEK_SEC_012318_10a,1
HEKR_SEC2,RNaseA_HEK_SEC_012318_14a,5
HEKR_SEC2,RNaseA_HEK_SEC_012318_15a,6
HEKR_SEC2,RNaseA_HEK_SEC_012318_13a,4
ARATH_IEX1,Athaliana_sproutsWWC_05a_02182017,5
ARATH_IEX1,Athaliana_sproutsWWC_10a_02202017,10
ARATH_IEX1,Athaliana_sproutsWWC_30a_02192017,30
ARATH_IEX1,Athaliana_sproutsWWC_08a_02192017,8
ARATH_IEX1,Athaliana_sproutsWWC_19a_02192017,19
ARATH_IEX1,Athaliana_sproutsWWC_20a_02192017,20
ARATH_IEX1,Athaliana_sproutsWWC_21a_02202017,21
ARATH_IEX1,Athaliana_sproutsWWC_22a_02202017,22
ARATH_IEX1,Athaliana_sproutsWWC_23a_02202017,23
ARATH_IEX1,Athaliana_sproutsWWC_24a_02202017,24
ARATH_IEX1,Athaliana_sproutsWWC_17a_02192017,17
ARATH_IEX1,Athaliana_sproutsWWC_11a_02202017,11
ARATH_IEX1,Athaliana_sproutsWWC_55a_02192017,55
ARATH_IEX1,Athaliana_sproutsWWC_04a_02182017,4
ARATH_IEX1,Athaliana_sproutsWWC_25a_02172017,25
ARATH_IEX1,Athaliana_sproutsWWC_26a_02182017,26
ARATH_IEX1,Athaliana_sproutsWWC_27a_02182017,27
ARATH_IEX1,Athaliana_sproutsWWC_50a_02182017,50
ARATH_IEX1,Athaliana_sproutsWWC_47a_02202017,47
ARATH_IEX1,Athaliana_sproutsWWC_44a_02202017,44
ARATH_IEX1,Athaliana_sproutsWWC_14a_02182017,14
ARATH_IEX1,Athaliana_sproutsWWC_15a_02182017,15
ARATH_IEX1,Athaliana_sproutsWWC_16a_02182017,16
ARATH_IEX1,Athaliana_sproutsWWC_09a_02202017,9
ARATH_IEX1,Athaliana_sproutsWWC_38a_02182017,38
ARATH_IEX1,Athaliana_sproutsWWC_39a_02182017,39
ARATH_IEX1,Athaliana_sproutsWWC_40a_02182017,40
ARATH_IEX1,Athaliana_sproutsWWC_41a_02192017,41
ARATH_IEX1,Athaliana_sproutsWWC_49a_02172017,49
ARATH_IEX1,Athaliana_sproutsWWC_52a_02182017,52
ARATH_IEX1,Athaliana_sproutsWWC_48a_02202017,48
ARATH_IEX1,Athaliana_sproutsWWC_28a_02182017,28
ARATH_IEX1,Athaliana_sproutsWWC_35a_02202017,35
ARATH_IEX1,Athaliana_sproutsWWC_42a_02192017,42
ARATH_IEX1,Athaliana_sproutsWWC_43a_02192017,43
ARATH_IEX1,Athaliana_sproutsWWC_18a_02192017,18
ARATH_IEX1,Athaliana_sproutsWWC_29a_02192017,29
ARATH_IEX1,Athaliana_sproutsWWC_45a_02202017,45
ARATH_IEX1,Athaliana_sproutsWWC_58a_02202017,58
ARATH_IEX1,Athaliana_sproutsWWC_31a_02192017,31
ARATH_IEX1,Athaliana_sproutsWWC_12a_02202017,12
ARATH_IEX1,Athaliana_sproutsWWC_01a_02172017,1
ARATH_IEX1,Athaliana_sproutsWWC_03a_02182017,3
ARATH_IEX1,Athaliana_sproutsWWC_54a_02192017,54
ARATH_IEX1,Athaliana_sproutsWWC_57a_02202017,57
ARATH_IEX1,Athaliana_sproutsWWC_33a_02202017,33
ARATH_IEX1,Athaliana_sproutsWWC_34a_02202017,34
ARATH_IEX1,Athaliana_sproutsWWC_36a_02202017,36
ARATH_IEX1,Athaliana_sproutsWWC_37a_02172017,37
ARATH_IEX1,Athaliana_sproutsWWC_46a_02202017,46
ARATH_IEX1,Athaliana_sproutsWWC_51a_02182017,51
ARATH_IEX1,Athaliana_sproutsWWC_53b_02212017,53
ARATH_IEX1,Athaliana_sproutsWWC_59a_02202017,59
ARATH_IEX1,Athaliana_sproutsWWC_56a_02202017,56
ARATH_IEX1,Athaliana_sproutsWWC_07a_02192017,7
ARATH_IEX1,Athaliana_sproutsWWC_06a_02192017,6
ARATH_IEX1,Athaliana_sproutsWWC_13a_02172017,13
ARATH_IEX1,Athaliana_sproutsWWC_32a_02192017,32
ARATH_IEX1,Athaliana_sproutsWWC_60a_02202017,60
ARATH_IEX1,Athaliana_sproutsWWC_02a_02172017,2
ARATH_IEX2,Athaliana_seed_IEX_62a_03222017,57
ARATH_IEX2,Athaliana_seed_IEX_64a_03232017,59
ARATH_IEX2,Athaliana_seed_IEX_26a_03222017,21
ARATH_IEX2,Athaliana_seed_IEX_27a_03222017,22
ARATH_IEX2,Athaliana_seed_IEX_29a_03232017,24
ARATH_IEX2,Athaliana_seed_IEX_30a_03232017,25
ARATH_IEX2,Athaliana_seed_IEX_31a_03232017,26
ARATH_IEX2,Athaliana_seed_IEX_32a_03242017,27
ARATH_IEX2,Athaliana_seed_IEX_33a_03242017,28
ARATH_IEX2,Athaliana_seed_IEX_34a_03242017,29
ARATH_IEX2,Athaliana_seed_IEX_35a_03242017,30
ARATH_IEX2,Athaliana_seed_IEX_36a_03242017,31
ARATH_IEX2,Athaliana_seed_IEX_37a_03222017,32
ARATH_IEX2,Athaliana_seed_IEX_38a_03222017,33
ARATH_IEX2,Athaliana_seed_IEX_44a_03242017,39
ARATH_IEX2,Athaliana_seed_IEX_56a_03242017,51
ARATH_IEX2,Athaliana_seed_IEX_58a_03242017,53
ARATH_IEX2,Athaliana_seed_IEX_59a_03242017,54
ARATH_IEX2,Athaliana_seed_IEX_40a_03232017,35
ARATH_IEX2,Athaliana_seed_IEX_41a_03232017,36
ARATH_IEX2,Athaliana_seed_IEX_43a_03232017,38
ARATH_IEX2,Athaliana_seed_IEX_45a_03242017,40
ARATH_IEX2,Athaliana_seed_IEX_47a_03242017,42
ARATH_IEX2,Athaliana_seed_IEX_48a_03242017,43
ARATH_IEX2,Athaliana_seed_IEX_54a_03232017,49
ARATH_IEX2,Athaliana_seed_IEX_15a_03222017,10
ARATH_IEX2,Athaliana_seed_IEX_19a_03232017,14
ARATH_IEX2,Athaliana_seed_IEX_21a_03242017,16
ARATH_IEX2,Athaliana_seed_IEX_50a_03222017,45
ARATH_IEX2,Athaliana_seed_IEX_51a_03222017,46
ARATH_IEX2,Athaliana_seed_IEX_52a_03232017,47
ARATH_IEX2,Athaliana_seed_IEX_60a_03242017,55
ARATH_IEX2,Athaliana_seed_IEX_55a_03232017,50
ARATH_IEX2,Athaliana_seed_IEX_46a_03242017,41
ARATH_IEX2,Athaliana_seed_IEX_49a_03222017,44
ARATH_IEX2,Athaliana_seed_IEX_12a_03242017,7
ARATH_IEX2,Athaliana_seed_IEX_22a_03242017,17
ARATH_IEX2,Athaliana_seed_IEX_24a_03242017,19
ARATH_IEX2,Athaliana_seed_IEX_07a_03232017,2
ARATH_IEX2,Athaliana_seed_IEX_63a_03222017,58
ARATH_IEX2,Athaliana_seed_IEX_53a_03232017,48
ARATH_IEX2,Athaliana_seed_IEX_61a_03222017,56
ARATH_IEX2,Athaliana_seed_IEX_16a_03232017,11
ARATH_IEX2,Athaliana_seed_IEX_28a_03232017,23
ARATH_IEX2,Athaliana_seed_IEX_39a_03222017,34
ARATH_IEX2,Athaliana_seed_IEX_42a_03232017,37
ARATH_IEX2,Athaliana_seed_IEX_65a_03232017,60
ARATH_IEX2,Athaliana_seed_IEX_11a_03242017,6
ARATH_IEX2,Athaliana_seed_IEX_23a_03242017,18
ARATH_IEX2,Athaliana_seed_IEX_13a_03222017,8
ARATH_IEX2,Athaliana_seed_IEX_18a_03232017,13
ARATH_IEX2,Athaliana_seed_IEX_06a_03232017,1
ARATH_IEX2,Athaliana_seed_IEX_25a_03222017,20
ARATH_IEX2,Athaliana_seed_IEX_57a_03242017,52
ARATH_IEX2,Athaliana_seed_IEX_17a_03232017,12
ARATH_IEX2,Athaliana_seed_IEX_10a_03242017,5
ARATH_IEX2,Athaliana_seed_IEX_08a_03242017,3
ARATH_IEX2,Athaliana_seed_IEX_14a_03222017,9
ARATH_IEX2,Athaliana_seed_IEX_20a_03242017,15
ARATH_IEX2,Athaliana_seed_IEX_09a_03242017,4
ARATH_SEC1,A_thaliana_sprouts_SEC_03a_02102017,1
ARATH_SEC1,A_thaliana_sprouts_SEC_23a_02112017,21
ARATH_SEC1,A_thaliana_sprouts_SEC_30a_02102017,28
ARATH_SEC1,A_thaliana_sprouts_SEC_07a_02102017,5
ARATH_SEC1,A_thaliana_sprouts_SEC_52a_02102017,50
ARATH_SEC1,A_thaliana_sprouts_SEC_14a_02092017,12
ARATH_SEC1,A_thaliana_sprouts_SEC_31a_02112017,29
ARATH_SEC1,A_thaliana_sprouts_SEC_05a_02102017,3
ARATH_SEC1,A_thaliana_sprouts_SEC_08a_02112017,6
ARATH_SEC1,A_thaliana_sprouts_SEC_18a_02102017,16
ARATH_SEC1,A_thaliana_sprouts_SEC_38a_02092017,36
ARATH_SEC1,A_thaliana_sprouts_SEC_39a_02102017,37
ARATH_SEC1,A_thaliana_sprouts_SEC_40a_02102017,38
ARATH_SEC1,A_thaliana_sprouts_SEC_27a_02102017,25
ARATH_SEC1,A_thaliana_sprouts_SEC_28a_02102017,26
ARATH_SEC1,A_thaliana_sprouts_SEC_29a_02102017,27
ARATH_SEC1,A_thaliana_sprouts_SEC_32a_02112017,30
ARATH_SEC1,A_thaliana_sprouts_SEC_33a_02112017,31
ARATH_SEC1,A_thaliana_sprouts_SEC_35a_02112017,33
ARATH_SEC1,A_thaliana_sprouts_SEC_36a_02122017,34
ARATH_SEC1,A_thaliana_sprouts_SEC_37a_02092017,35
ARATH_SEC1,A_thaliana_sprouts_SEC_54a_02102017,52
ARATH_SEC1,A_thaliana_sprouts_SEC_47a_02112017,45
ARATH_SEC1,A_thaliana_sprouts_SEC_04a_02102017,2
ARATH_SEC1,A_thaliana_sprouts_SEC_15a_02102017,13
ARATH_SEC1,A_thaliana_sprouts_SEC_46a_02112017,44
ARATH_SEC1,A_thaliana_sprouts_SEC_09a_02112017,7
ARATH_SEC1,A_thaliana_sprouts_SEC_10a_02112017,8
ARATH_SEC1,A_thaliana_sprouts_SEC_12a_02112017,10
ARATH_SEC1,A_thaliana_sprouts_SEC_13a_02092017,11
ARATH_SEC1,A_thaliana_sprouts_SEC_17a_02102017,15
ARATH_SEC1,A_thaliana_sprouts_SEC_22a_02112017,20
ARATH_SEC1,A_thaliana_sprouts_SEC_34a_02112017,32
ARATH_SEC1,A_thaliana_sprouts_SEC_41a_02102017,39
ARATH_SEC1,A_thaliana_sprouts_SEC_42a_02102017,40
ARATH_SEC1,A_thaliana_sprouts_SEC_43a_02112017,41
ARATH_SEC1,A_thaliana_sprouts_SEC_44a_02112017,42
ARATH_SEC1,A_thaliana_sprouts_SEC_45a_02112017,43
ARATH_SEC1,A_thaliana_sprouts_SEC_06a_02102017,4
ARATH_SEC1,A_thaliana_sprouts_SEC_11a_02112017,9
ARATH_SEC1,A_thaliana_sprouts_SEC_49a_02092017,47
ARATH_SEC1,A_thaliana_sprouts_SEC_19a_02112017,17
ARATH_SEC1,A_thaliana_sprouts_SEC_24a_02122017,22
ARATH_SEC1,A_thaliana_sprouts_SEC_50a_02092017,48
ARATH_SEC1,A_thaliana_sprouts_SEC_53a_02102017,51
ARATH_SEC1,A_thaliana_sprouts_SEC_20a_02112017,18
ARATH_SEC1,A_thaliana_sprouts_SEC_16a_02102017,14
ARATH_SEC1,A_thaliana_sprouts_SEC_25a_02092017,23
ARATH_SEC1,A_thaliana_sprouts_SEC_26a_02092017,24
ARATH_SEC1,A_thaliana_sprouts_SEC_48a_02122017,46
ARATH_SEC1,A_thaliana_sprouts_SEC_21a_02112017,19
ARATH_SEC1,A_thaliana_sprouts_SEC_51a_02102017,49
CHLRE_IEX1,Chlamy_WWC_41a_20160904,36
CHLRE_IEX1,Chlamy_WWC_26a_20160903,21
CHLRE_IEX1,Chlamy_WWC_39a_20160903,34
CHLRE_IEX1,Chlamy_WWC_55a_20160901,50
CHLRE_IEX1,Chlamy_WWC_56a_20160902,51
CHLRE_IEX1,Chlamy_WWC_57a_20160902,52
CHLRE_IEX1,Chlamy_WWC_58a_20160902,53
CHLRE_IEX1,Chlamy_WWC_60a_20160903,55
CHLRE_IEX1,Chlamy_WWC_61a_20160903,56
CHLRE_IEX1,Chlamy_WWC_62a_20160903,57
CHLRE_IEX1,Chlamy_WWC_63a_20160903,58
CHLRE_IEX1,Chlamy_WWC_64a_20160904,59
CHLRE_IEX1,Chlamy_WWC_10a_20160902,5
CHLRE_IEX1,Chlamy_WWC_34a_20160902,29
CHLRE_IEX1,Chlamy_WWC_35a_20160902,30
CHLRE_IEX1,Chlamy_WWC_36a_20160903,31
CHLRE_IEX1,Chlamy_WWC_38a_20160903,33
CHLRE_IEX1,Chlamy_WWC_40a_20160904,35
CHLRE_IEX1,Chlamy_WWC_42a_20160901,37
CHLRE_IEX1,Chlamy_WWC_43a_20160901,38
CHLRE_IEX1,Chlamy_WWC_45a_20160902,40
CHLRE_IEX1,Chlamy_WWC_47a_20160902,42
CHLRE_IEX1,Chlamy_WWC_49a_20160903,44
CHLRE_IEX1,Chlamy_WWC_50a_20160903,45
CHLRE_IEX1,Chlamy_WWC_53a_20160904,48
CHLRE_IEX1,Chlamy_WWC_51a_20160903,46
CHLRE_IEX1,Chlamy_WWC_30a_20160901,25
CHLRE_IEX1,Chlamy_WWC_27a_20160903,22
CHLRE_IEX1,Chlamy_WWC_28a_20160904,23
CHLRE_IEX1,Chlamy_WWC_29a_20160904,24
CHLRE_IEX1,Chlamy_WWC_31a_20160901,26
CHLRE_IEX1,Chlamy_WWC_32a_20160902,27
CHLRE_IEX1,Chlamy_WWC_33a_20160902,28
CHLRE_IEX1,Chlamy_WWC_37a_20160903,32
CHLRE_IEX1,Chlamy_WWC_44a_20160902,39
CHLRE_IEX1,Chlamy_WWC_46a_20160902,41
CHLRE_IEX1,Chlamy_WWC_48a_20160903,43
CHLRE_IEX1,Chlamy_WWC_52a_20160904,47
CHLRE_IEX1,Chlamy_WWC_07a_20160901,2
CHLRE_IEX1,Chlamy_WWC_09a_20160902,4
CHLRE_IEX1,Chlamy_WWC_23a_20160902,18
CHLRE_IEX1,Chlamy_WWC_54a_20160901,49
CHLRE_IEX1,Chlamy_WWC_16a_20160903,11
CHLRE_IEX1,Chlamy_WWC_14a_20160903,9
CHLRE_IEX1,Chlamy_WWC_24a_20160903,19
CHLRE_IEX1,Chlamy_WWC_18a_20160901,13
CHLRE_IEX1,Chlamy_WWC_21a_20160902,16
CHLRE_IEX1,Chlamy_WWC_13a_20160903,8
CHLRE_IEX1,Chlamy_WWC_15a_20160903,10
CHLRE_IEX1,Chlamy_WWC_17a_20160904,12
CHLRE_IEX1,Chlamy_WWC_22a_20160902,17
CHLRE_IEX1,Chlamy_WWC_12a_20160902,7
CHLRE_IEX1,Chlamy_WWC_08a_20160901,3
CHLRE_IEX1,Chlamy_WWC_59a_20160902,54
CHLRE_IEX1,Chlamy_WWC_11a_20160902,6
CHLRE_IEX1,Chlamy_WWC_25a_20160903,20
CHLRE_IEX1,Chlamy_WWC_65a_20160904,60
CHLRE_IEX1,Chlamy_WWC_19a_20160901,14
CHLRE_IEX1,Chlamy_WWC_20a_20160902,15
CHLRE_IEX1,Chlamy_WWC_06a_20160901,1
CHLRE_SEC2,Chlamy_NE_SEC_39a_04282017,35
CHLRE_SEC2,Chlamy_NE_SEC_40a_04282017,36
CHLRE_SEC2,Chlamy_NE_SEC_15a_04282017,11
CHLRE_SEC2,Chlamy_NE_SEC_29a_04282017,25
CHLRE_SEC2,Chlamy_NE_SEC_31a_04292017,27
CHLRE_SEC2,Chlamy_NE_SEC_36a_04292017,32
CHLRE_SEC2,Chlamy_NE_SEC_41a_04282017,37
CHLRE_SEC2,Chlamy_NE_SEC_30a_04282017,26
CHLRE_SEC2,Chlamy_NE_SEC_33a_04292017,29
CHLRE_SEC2,Chlamy_NE_SEC_27a_04282017,23
CHLRE_SEC2,Chlamy_NE_SEC_45a_04292017,41
CHLRE_SEC2,Chlamy_NE_SEC_22a_04292017,18
CHLRE_SEC2,Chlamy_NE_SEC_23a_04292017,19
CHLRE_SEC2,Chlamy_NE_SEC_46a_04292017,42
CHLRE_SEC2,Chlamy_NE_SEC_49a_04272017,45
CHLRE_SEC2,Chlamy_NE_SEC_51a_04282017,47
CHLRE_SEC2,Chlamy_NE_SEC_09a_04292017,5
CHLRE_SEC2,Chlamy_NE_SEC_10a_04292017,6
CHLRE_SEC2,Chlamy_NE_SEC_13a_04272017,9
CHLRE_SEC2,Chlamy_NE_SEC_24a_04292017,20
CHLRE_SEC2,Chlamy_NE_SEC_25a_04272017,21
CHLRE_SEC2,Chlamy_NE_SEC_26a_04272017,22
CHLRE_SEC2,Chlamy_NE_SEC_28a_04282017,24
CHLRE_SEC2,Chlamy_NE_SEC_16a_04282017,12
CHLRE_SEC2,Chlamy_NE_SEC_17a_04282017,13
CHLRE_SEC2,Chlamy_NE_SEC_18a_04282017,14
CHLRE_SEC2,Chlamy_NE_SEC_21a_04292017,17
CHLRE_SEC2,Chlamy_NE_SEC_42a_04282017,38
CHLRE_SEC2,Chlamy_NE_SEC_44a_04292017,40
CHLRE_SEC2,Chlamy_NE_SEC_52a_04282017,48
CHLRE_SEC2,Chlamy_NE_SEC_20a_04292017,16
CHLRE_SEC2,Chlamy_NE_SEC_34a_04292017,30
CHLRE_SEC2,Chlamy_NE_SEC_35a_04292017,31
CHLRE_SEC2,Chlamy_NE_SEC_48a_04292017,44
CHLRE_SEC2,Chlamy_NE_SEC_50a_04272017,46
CHLRE_SEC2,Chlamy_NE_SEC_38a_04272017,34
CHLRE_SEC2,Chlamy_NE_SEC_07a_04282017,3
CHLRE_SEC2,Chlamy_NE_SEC_32a_04292017,28
CHLRE_SEC2,Chlamy_NE_SEC_19a_04282017,15
CHLRE_SEC2,Chlamy_NE_SEC_08a_04292017,4
CHLRE_SEC2,Chlamy_NE_SEC_11a_04292017,7
CHLRE_SEC2,Chlamy_NE_SEC_12a_04292017,8
CHLRE_SEC2,Chlamy_NE_SEC_14a_04272017,10
CHLRE_SEC2,Chlamy_NE_SEC_37a_04272017,33
CHLRE_SEC2,Chlamy_NE_SEC_47a_04292017,43
CHLRE_SEC2,Chlamy_NE_SEC_06a_04282017,2
CHLRE_SEC2,Chlamy_NE_SEC_43a_04292017,39
CHLRE_SEC2,Chlamy_NE_SEC_05a_04282017,1
CHLRE_SEC1,Chlamy_SEC_15a_09132016,1
CHLRE_SEC1,Chlamy_SEC_17a_09132016,3
CHLRE_SEC1,Chlamy_SEC_19a_09142016,5
CHLRE_SEC1,Chlamy_SEC_22a_09142016,8
CHLRE_SEC1,Chlamy_SEC_23a_09142016,9
CHLRE_SEC1,Chlamy_SEC_24a_09152016,10
CHLRE_SEC1,Chlamy_SEC_25a_09152016,11
CHLRE_SEC1,Chlamy_SEC_28a_09132016,14
CHLRE_SEC1,Chlamy_SEC_31a_09142016,17
CHLRE_SEC1,Chlamy_SEC_43a_09142016,29
CHLRE_SEC1,Chlamy_SEC_44a_09142016,30
CHLRE_SEC1,Chlamy_SEC_45a_09142016,31
CHLRE_SEC1,Chlamy_SEC_46a_09142016,32
CHLRE_SEC1,Chlamy_SEC_47a_09152016,33
CHLRE_SEC1,Chlamy_SEC_50a_09152016,36
CHLRE_SEC1,Chlamy_SEC_51a_09132016,37
CHLRE_SEC1,Chlamy_SEC_52a_09132016,38
CHLRE_SEC1,Chlamy_SEC_53a_09132016,39
CHLRE_SEC1,Chlamy_SEC_54a_09142016,40
CHLRE_SEC1,Chlamy_SEC_56a_09142016,42
CHLRE_SEC1,Chlamy_SEC_59a_09152016,45
CHLRE_SEC1,Chlamy_SEC_60a_09152016,46
CHLRE_SEC1,Chlamy_SEC_26a_09152016,12
CHLRE_SEC1,Chlamy_SEC_57a_09142016,43
CHLRE_SEC1,Chlamy_SEC_35a_09152016,21
CHLRE_SEC1,Chlamy_SEC_36a_09152016,22
CHLRE_SEC1,Chlamy_SEC_37a_09152016,23
CHLRE_SEC1,Chlamy_SEC_38a_09152016,24
CHLRE_SEC1,Chlamy_SEC_20a_09142016,6
CHLRE_SEC1,Chlamy_SEC_39a_09132016,25
CHLRE_SEC1,Chlamy_SEC_40a_09132016,26
CHLRE_SEC1,Chlamy_SEC_41a_09132016,27
CHLRE_SEC1,Chlamy_SEC_42a_09142016,28
CHLRE_SEC1,Chlamy_SEC_48a_09152016,34
CHLRE_SEC1,Chlamy_SEC_16a_09132016,2
CHLRE_SEC1,Chlamy_SEC_18a_09132016,4
CHLRE_SEC1,Chlamy_SEC_27a_09132016,13
CHLRE_SEC1,Chlamy_SEC_30a_09142016,16
CHLRE_SEC1,Chlamy_SEC_33a_09142016,19
CHLRE_SEC1,Chlamy_SEC_34a_09142016,20
CHLRE_SEC1,Chlamy_SEC_58a_09142016,44
CHLRE_SEC1,Chlamy_SEC_61a_09152016,47
CHLRE_SEC1,Chlamy_SEC_62a_09152016,48
CHLRE_SEC1,Chlamy_SEC_32a_09142016,18
CHLRE_SEC1,Chlamy_SEC_49a_09152016,35
CHLRE_SEC1,Chlamy_SEC_55a_09142016,41
CHLRE_SEC1,Chlamy_SEC_21a_09142016,7
CHLRE_SEC1,Chlamy_SEC_29a_09132016,15
HEMO_IEX1,Hemolysate_IEX_20_10032017,15
HEMO_IEX1,Hemolysate_IEX_21_10032017,16
HEMO_IEX1,Hemolysate_IEX_13_10032017,8
HEMO_IEX1,Hemolysate_IEX_18_10032017,13
HEMO_IEX1,Hemolysate_IEX_08_10032017,3
HEMO_IEX1,Hemolysate_IEX_09_10032017,4
HEMO_IEX1,Hemolysate_IEX_10_10032017,5
HEMO_IEX1,Hemolysate_IEX_11_10032017,6
HEMO_IEX1,Hemolysate_IEX_12_10032017,7
HEMO_IEX1,Hemolysate_IEX_14_10032017,9
HEMO_IEX1,Hemolysate_IEX_15_10032017,10
HEMO_IEX1,Hemolysate_IEX_16_10032017,11
HEMO_IEX1,Hemolysate_IEX_17_10032017,12
HEMO_IEX1,Hemolysate_IEX_19_10032017,14
HEMO_IEX1,Hemolysate_IEX_22_10032017,17
HEMO_IEX1,Hemolysate_IEX_23_10032017,18
HEMO_IEX1,Hemolysate_IEX_24_10032017,19
HEMO_IEX1,Hemolysate_IEX_28_10032017,23
HEMO_IEX1,Hemolysate_IEX_29_10032018,24
HEMO_IEX1,Hemolysate_IEX_30_10032017,25
HEMO_IEX1,Hemolysate_IEX_31_10032017,26
HEMO_IEX1,Hemolysate_IEX_32_10032017,27
HEMO_IEX1,Hemolysate_IEX_33_10032017,28
HEMO_IEX1,Hemolysate_IEX_26_10032017,21
HEMO_IEX1,Hemolysate_IEX_06_10032017,1
HEMO_IEX1,Hemolysate_IEX_27_10032017,22
HEMO_IEX1,Hemolysate_IEX_07_10032017,2
HEMO_IEX1,Hemolysate_IEX_25_10032017,20
HEMO_IEX2,Hemolysate_IEX_2_75_1a_10272017,70
HEMO_IEX2,Hemolysate_IEX_2_32_1a_10272017,27
HEMO_IEX2,Hemolysate_IEX_2_43_1a_10272017,38
HEMO_IEX2,Hemolysate_IEX_2_67_1a_10272017,62
HEMO_IEX2,Hemolysate_IEX_2_18_1a_10272017,13
HEMO_IEX2,Hemolysate_IEX_2_19_1a_10272017,14
HEMO_IEX2,Hemolysate_IEX_2_20_1a_10272017,15
HEMO_IEX2,Hemolysate_IEX_2_41_1a_10272017,36
HEMO_IEX2,Hemolysate_IEX_2_44_1a_10272017,39
HEMO_IEX2,Hemolysate_IEX_2_45_1a_10272017,40
HEMO_IEX2,Hemolysate_IEX_2_56_1a_10272017,51
HEMO_IEX2,Hemolysate_IEX_2_57_1a_10272017,52
HEMO_IEX2,Hemolysate_IEX_2_58_1a_10272017,53
HEMO_IEX2,Hemolysate_IEX_2_59_1a_10272017,54
HEMO_IEX2,Hemolysate_IEX_2_66_1a_10272017,61
HEMO_IEX2,Hemolysate_IEX_2_72_1a_10272017,67
HEMO_IEX2,Hemolysate_IEX_2_73_1a_10272017,68
HEMO_IEX2,Hemolysate_IEX_2_74_1a_10272017,69
HEMO_IEX2,Hemolysate_IEX_2_76_1a_10272017,71
HEMO_IEX2,Hemolysate_IEX_2_12_1a_10272017,7
HEMO_IEX2,Hemolysate_IEX_2_21_1a_10272017,16
HEMO_IEX2,Hemolysate_IEX_2_53_1a_10272017,48
HEMO_IEX2,Hemolysate_IEX_2_54_1a_10272017,49
HEMO_IEX2,Hemolysate_IEX_2_55_1a_10272017,50
HEMO_IEX2,Hemolysate_IEX_2_60_1a_10272017,55
HEMO_IEX2,Hemolysate_IEX_2_65_1a_10272017,60
HEMO_IEX2,Hemolysate_IEX_2_77_1a_10272017,72
HEMO_IEX2,Hemolysate_IEX_2_08_1a_10272017,3
HEMO_IEX2,Hemolysate_IEX_2_09_1a_10272017,4
HEMO_IEX2,Hemolysate_IEX_2_11_1a_10272017,6
HEMO_IEX2,Hemolysate_IEX_2_15_1a_10272017,10
HEMO_IEX2,Hemolysate_IEX_2_16_1a_10272017,11
HEMO_IEX2,Hemolysate_IEX_2_30_1a_10272017,25
HEMO_IEX2,Hemolysate_IEX_2_46_1a_10272017,41
HEMO_IEX2,Hemolysate_IEX_2_31_1a_10272017,26
HEMO_IEX2,Hemolysate_IEX_2_33_1a_10272017,28
HEMO_IEX2,Hemolysate_IEX_2_61_1a_10272017,56
HEMO_IEX2,Hemolysate_IEX_2_64_1a_10272017,59
HEMO_IEX2,Hemolysate_IEX_2_17_1a_10272017,12
HEMO_IEX2,Hemolysate_IEX_2_50_1a_10272017,45
HEMO_IEX2,Hemolysate_IEX_2_13_1a_10272017,8
HEMO_IEX2,Hemolysate_IEX_2_14_1a_10272017,9
HEMO_IEX2,Hemolysate_IEX_2_24_1a_10272017,19
HEMO_IEX2,Hemolysate_IEX_2_25_1a_10272017,20
HEMO_IEX2,Hemolysate_IEX_2_26_1a_10272017,21
HEMO_IEX2,Hemolysate_IEX_2_34_1a_10272017,29
HEMO_IEX2,Hemolysate_IEX_2_36_1a_10272017,31
HEMO_IEX2,Hemolysate_IEX_2_37_1a_10272017,32
HEMO_IEX2,Hemolysate_IEX_2_38_1a_10272017,33
HEMO_IEX2,Hemolysate_IEX_2_39_1a_10272017,34
HEMO_IEX2,Hemolysate_IEX_2_40_1a_10272017,35
HEMO_IEX2,Hemolysate_IEX_2_42_1a_10272017,37
HEMO_IEX2,Hemolysate_IEX_2_47_1a_10272017,42
HEMO_IEX2,Hemolysate_IEX_2_48_1a_10272017,43
HEMO_IEX2,Hemolysate_IEX_2_49_1a_10272017,44
HEMO_IEX2,Hemolysate_IEX_2_51_1a_10272017,46
HEMO_IEX2,Hemolysate_IEX_2_52_1a_10272017,47
HEMO_IEX2,Hemolysate_IEX_2_62_1a_10272017,57
HEMO_IEX2,Hemolysate_IEX_2_63_1a_10272017,58
HEMO_IEX2,Hemolysate_IEX_2_68_1a_10272017,63
HEMO_IEX2,Hemolysate_IEX_2_69_1a_10272017,64
HEMO_IEX2,Hemolysate_IEX_2_70_1a_10272017,65
HEMO_IEX2,Hemolysate_IEX_2_71_1a_10272017,66
HEMO_IEX2,Hemolysate_IEX_2_22_1a_10272017,17
HEMO_IEX2,Hemolysate_IEX_2_35_1a_10272017,30
HEMO_IEX2,Hemolysate_IEX_2_28_1a_10272017,23
HEMO_IEX2,Hemolysate_IEX_2_10_1a_10272017,5
HEMO_IEX2,Hemolysate_IEX_2_23_1a_10272017,18
HEMO_IEX2,Hemolysate_IEX_2_27_1a_10272017,22
HEMO_IEX2,Hemolysate_IEX_2_29_1a_10272017,24
HEMO_IEX2,Hemolysate_IEX_2_06_1a_10272017,1
HEMO_IEX2,Hemolysate_IEX_2_07_1a_10272017,2
HEMO_SEC1,Hemolysate_SEC_39_1a_11092017,38
HEMO_SEC1,Hemolysate_SEC_10_1a_11092017,9
HEMO_SEC1,Hemolysate_SEC_11_1a_11092017,10
HEMO_SEC1,Hemolysate_SEC_12_1a_11092017,11
HEMO_SEC1,Hemolysate_SEC_06_1a_11092017,5
HEMO_SEC1,Hemolysate_SEC_13_1a_11092017,12
HEMO_SEC1,Hemolysate_SEC_32_1a_11092017,31
HEMO_SEC1,Hemolysate_SEC_33_1a_11092017,32
HEMO_SEC1,Hemolysate_SEC_55_1a_11092017,54
HEMO_SEC1,Hemolysate_SEC_09_1a_11092017,8
HEMO_SEC1,Hemolysate_SEC_19_1a_11092017,18
HEMO_SEC1,Hemolysate_SEC_20_1a_11092017,19
HEMO_SEC1,Hemolysate_SEC_21_1a_11092017,20
HEMO_SEC1,Hemolysate_SEC_22_1a_11092017,21
HEMO_SEC1,Hemolysate_SEC_23_1a_11092017,22
HEMO_SEC1,Hemolysate_SEC_31_1a_11092017,30
HEMO_SEC1,Hemolysate_SEC_43_1a_11092017,42
HEMO_SEC1,Hemolysate_SEC_44_1a_11092017,43
HEMO_SEC1,Hemolysate_SEC_45_1a_11092017,44
HEMO_SEC1,Hemolysate_SEC_46_1a_11092017,45
HEMO_SEC1,Hemolysate_SEC_56_1a_11092017,55
HEMO_SEC1,Hemolysate_SEC_67_1a_11092017,66
HEMO_SEC1,Hemolysate_SEC_68_1a_11092017,67
HEMO_SEC1,Hemolysate_SEC_69_1a_11092017,68
HEMO_SEC1,Hemolysate_SEC_15_1a_11092017,14
HEMO_SEC1,Hemolysate_SEC_16_1a_11092017,15
HEMO_SEC1,Hemolysate_SEC_17_1a_11092017,16
HEMO_SEC1,Hemolysate_SEC_24_1a_11092017,23
HEMO_SEC1,Hemolysate_SEC_26_1a_11092017,25
HEMO_SEC1,Hemolysate_SEC_27_1a_11092017,26
HEMO_SEC1,Hemolysate_SEC_28_1a_11092017,27
HEMO_SEC1,Hemolysate_SEC_29_1a_11092017,28
HEMO_SEC1,Hemolysate_SEC_30_1a_11092017,29
HEMO_SEC1,Hemolysate_SEC_34_1a_11092017,33
HEMO_SEC1,Hemolysate_SEC_35_1a_11092017,34
HEMO_SEC1,Hemolysate_SEC_38_1a_11092017,37
HEMO_SEC1,Hemolysate_SEC_41_1a_11092017,40
HEMO_SEC1,Hemolysate_SEC_42_1a_11092017,41
HEMO_SEC1,Hemolysate_SEC_14_1a_11092017,13
HEMO_SEC1,Hemolysate_SEC_05_1a_11092017,4
HEMO_SEC1,Hemolysate_SEC_07_1a_11092017,6
HEMO_SEC1,Hemolysate_SEC_18_1a_11092017,17
HEMO_SEC1,Hemolysate_SEC_48_1a_11092017,47
HEMO_SEC1,Hemolysate_SEC_64_1a_11092017,63
HEMO_SEC1,Hemolysate_SEC_65_1a_11092017,64
HEMO_SEC1,Hemolysate_SEC_71_1a_11092017,70
HEMO_SEC1,Hemolysate_SEC_04_1a_11092017,3
HEMO_SEC1,Hemolysate_SEC_47_1a_11092017,46
HEMO_SEC1,Hemolysate_SEC_08_1a_11092017,7
HEMO_SEC1,Hemolysate_SEC_25_1a_11092017,24
HEMO_SEC1,Hemolysate_SEC_49_1a_11092017,48
HEMO_SEC1,Hemolysate_SEC_50_1a_11092017,49
HEMO_SEC1,Hemolysate_SEC_52_1a_11092017,51
HEMO_SEC1,Hemolysate_SEC_60_1a_11092017,59
HEMO_SEC1,Hemolysate_SEC_36_1a_11092017,35
HEMO_SEC1,Hemolysate_SEC_37_1a_11092017,36
HEMO_SEC1,Hemolysate_SEC_40_1a_11092017,39
HEMO_SEC1,Hemolysate_SEC_51_1a_11092017,50
HEMO_SEC1,Hemolysate_SEC_58_1a_11092017,57
HEMO_SEC1,Hemolysate_SEC_63_1a_11092017,62
HEMO_SEC1,Hemolysate_SEC_02_1a_11092017,1
HEMO_SEC1,Hemolysate_SEC_53_1a_11092017,52
HEMO_SEC1,Hemolysate_SEC_54_1a_11092017,53
HEMO_SEC1,Hemolysate_SEC_57_1a_11092017,56
HEMO_SEC1,Hemolysate_SEC_59_1a_11092017,58
HEMO_SEC1,Hemolysate_SEC_61_1a_11092017,60
HEMO_SEC1,Hemolysate_SEC_66_1a_11092017,65
HEMO_SEC1,Hemolysate_SEC_70_1a_11092017,69
HEMO_SEC1,Hemolysate_SEC_73_1a_11092017,72
HEMO_SEC1,Hemolysate_SEC_74_1a_11092017,73
HEMO_SEC1,Hemolysate_SEC_72_1a_11092017,71
HEMO_SEC1,Hemolysate_SEC_62_1a_11092017,61
HEMO_SEC1,Hemolysate_SEC_03_1a_11092017,2
HEMO_SEC2,Hemolysate6569_SEC_ctrlRNaseA_19_01052018,19
HEMO_SEC2,Hemolysate6569_SEC_ctrlRNaseA_20_01052018,20
HEMO_SEC2,Hemolysate6569_SEC_ctrlRNaseA_13_01052018,13
HEMO_SEC2,Hemolysate6569_SEC_ctrlRNaseA_15b_01052018,15
HEMO_SEC2,Hemolysate6569_SEC_ctrlRNaseA_14_01052018,14
HEMO_SEC2,Hemolysate6569_SEC_ctrlRNaseA_16_01052018,16
HEMO_SEC2,Hemolysate6569_SEC_ctrlRNaseA_18_01052018,18
HEMO_SEC2,Hemolysate6569_SEC_ctrlRNaseA_17_01052018,17
HEMO_SEC2,Hemolysate6569_SEC_ctrlRNaseA_21_01052018,21
HEMO_SEC2,Hemolysate6569_SEC_ctrlRNaseA_22_01052018,22
HEMO_SEC2,Hemolysate6569_SEC_ctrlRNaseA_27_01052018,27
HEMO_SEC2,Hemolysate6569_SEC_ctrlRNaseA_30_01052018,30
HEMO_SEC2,Hemolysate6569_SEC_ctrlRNaseA_31_01052018,31
HEMO_SEC2,Hemolysate6569_SEC_ctrlRNaseA_32_01052018,32
HEMO_SEC2,Hemolysate6569_SEC_ctrlRNaseA_37_01052018,37
HEMO_SEC2,Hemolysate6569_SEC_ctrlRNaseA_38_01052018,38
HEMO_SEC2,Hemolysate6569_SEC_ctrlRNaseA_42_01052018,42
HEMO_SEC2,Hemolysate6569_SEC_ctrlRNaseA_47_01052018,47
HEMO_SEC2,Hemolysate6569_SEC_ctrlRNaseA_52_01052018,52
HEMO_SEC2,Hemolysate6569_SEC_ctrlRNaseA_53_01052018,53
HEMO_SEC2,Hemolysate6569_SEC_ctrlRNaseA_54_01052018,54
HEMO_SEC2,Hemolysate6569_SEC_ctrlRNaseA_62_01052018,62
HEMO_SEC2,Hemolysate6569_SEC_ctrlRNaseA_63_01052018,63
HEMO_SEC2,Hemolysate6569_SEC_ctrlRNaseA_74_01052018,74
HEMO_SEC2,Hemolysate6569_SEC_ctrlRNaseA_24_01052018,24
HEMO_SEC2,Hemolysate6569_SEC_ctrlRNaseA_26_01052018,26
HEMO_SEC2,Hemolysate6569_SEC_ctrlRNaseA_33_01052018,33
HEMO_SEC2,Hemolysate6569_SEC_ctrlRNaseA_36_01052018,36
HEMO_SEC2,Hemolysate6569_SEC_ctrlRNaseA_39_01052018,39
HEMO_SEC2,Hemolysate6569_SEC_ctrlRNaseA_25_01052018,25
HEMO_SEC2,Hemolysate6569_SEC_ctrlRNaseA_29_01052018,29
HEMO_SEC2,Hemolysate6569_SEC_ctrlRNaseA_09_01052018,9
HEMO_SEC2,Hemolysate6569_SEC_ctrlRNaseA_08_01052018,8
HEMO_SEC2,Hemolysate6569_SEC_ctrlRNaseA_12_01052018,12
HEMO_SEC2,Hemolysate6569_SEC_ctrlRNaseA_55_01052018,55
HEMO_SEC2,Hemolysate6569_SEC_ctrlRNaseA_66_01052018,66
HEMO_SEC2,Hemolysate6569_SEC_ctrlRNaseA_23_01052018,23
HEMO_SEC2,Hemolysate6569_SEC_ctrlRNaseA_34_01052018,34
HEMO_SEC2,Hemolysate6569_SEC_ctrlRNaseA_35_01052018,35
HEMO_SEC2,Hemolysate6569_SEC_ctrlRNaseA_41_01052018,41
HEMO_SEC2,Hemolysate6569_SEC_ctrlRNaseA_44_01052018,44
HEMO_SEC2,Hemolysate6569_SEC_ctrlRNaseA_45_01052018,45
HEMO_SEC2,Hemolysate6569_SEC_ctrlRNaseA_50_01052018,50
HEMO_SEC2,Hemolysate6569_SEC_ctrlRNaseA_60_01052018,60
HEMO_SEC2,Hemolysate6569_SEC_ctrlRNaseA_61_01052018,61
HEMO_SEC2,Hemolysate6569_SEC_ctrlRNaseA_68_01052018,68
HEMO_SEC2,Hemolysate6569_SEC_ctrlRNaseA_70_01052018,70
HEMO_SEC2,Hemolysate6569_SEC_ctrlRNaseA_75_01052018,75
HEMO_SEC2,Hemolysate6569_SEC_ctrlRNaseA_10_01052018,10
HEMO_SEC2,Hemolysate6569_SEC_ctrlRNaseA_11_01052018,11
HEMO_SEC2,Hemolysate6569_SEC_ctrlRNaseA_07_01052018,7
HEMO_SEC2,Hemolysate6569_SEC_ctrlRNaseA_65_01052018,65
HEMO_SEC2,Hemolysate6569_SEC_ctrlRNaseA_56_01052018,56
HEMO_SEC2,Hemolysate6569_SEC_ctrlRNaseA_59_01052018,59
HEMO_SEC2,Hemolysate6569_SEC_ctrlRNaseA_28_01052018,28
HEMO_SEC2,Hemolysate6569_SEC_ctrlRNaseA_73_01052018,73
HEMO_SEC2,Hemolysate6569_SEC_ctrlRNaseA_06_01052018,6
HEMO_SEC2,Hemolysate6569_SEC_ctrlRNaseA_40_01052018,40
HEMO_SEC2,Hemolysate6569_SEC_ctrlRNaseA_46_01052018,46
HEMO_SEC2,Hemolysate6569_SEC_ctrlRNaseA_48_01052018,48
HEMO_SEC2,Hemolysate6569_SEC_ctrlRNaseA_58_01052018,58
HEMO_SEC2,Hemolysate6569_SEC_ctrlRNaseA_43_01052018,43
HEMO_SEC2,Hemolysate6569_SEC_ctrlRNaseA_49_01052018,49
HEMO_SEC2,Hemolysate6569_SEC_ctrlRNaseA_51_01052018,51
HEMO_SEC2,Hemolysate6569_SEC_ctrlRNaseA_57_01052018,57
HEMO_SEC2,Hemolysate6569_SEC_ctrlRNaseA_64_01052018,64
HEMO_SEC2,Hemolysate6569_SEC_ctrlRNaseA_67_01052018,67
HEMO_SEC2,Hemolysate6569_SEC_ctrlRNaseA_69_01052018,69
HEMO_SEC2,Hemolysate6569_SEC_ctrlRNaseA_71_01052018,71
HEMO_SEC2,Hemolysate6569_SEC_ctrlRNaseA_72_01052018,72
HEMO_SEC2,Hemolysate6569_SEC_ctrlRNaseA_05_01052018,5
HEMO_SEC2,Hemolysate6569_SEC_ctrlRNaseA_02_01052018,2
HEMO_SEC2,Hemolysate6569_SEC_ctrlRNaseA_04_01052018,4
HEMO_SEC2,Hemolysate6569_SEC_ctrlRNaseA_01_01052018,1
HEMO_SEC2,Hemolysate6569_SEC_ctrlRNaseA_03_01052018,3
SOYBN_SEC1,Soy_sprout_SEC_26_1a_10212017,24
SOYBN_SEC1,Soy_sprout_SEC_27_1a_10212017,25
SOYBN_SEC1,Soy_sprout_SEC_28_1a_10212017,26
SOYBN_SEC1,Soy_sprout_SEC_29_1a_10222017,27
SOYBN_SEC1,Soy_sprout_SEC_30_1a_10222017,28
SOYBN_SEC1,Soy_sprout_SEC_31_1a_10232017,29
SOYBN_SEC1,Soy_sprout_SEC_33_1a_10232017,31
SOYBN_SEC1,Soy_sprout_SEC_15_1a_10212017,13
SOYBN_SEC1,Soy_sprout_SEC_20_1a_10232017,18
SOYBN_SEC1,Soy_sprout_SEC_03_1a_10212017,1
SOYBN_SEC1,Soy_sprout_SEC_04_1a_10212017,2
SOYBN_SEC1,Soy_sprout_SEC_62_1a_10212017,60
SOYBN_SEC1,Soy_sprout_SEC_19_1a_10232017,17
SOYBN_SEC1,Soy_sprout_SEC_13_1a_10202017,11
SOYBN_SEC1,Soy_sprout_SEC_39_1a_10212017,37
SOYBN_SEC1,Soy_sprout_SEC_34_1a_10242017,32
SOYBN_SEC1,Soy_sprout_SEC_11_1a_10242017,9
SOYBN_SEC1,Soy_sprout_SEC_10_1a_10242017,8
SOYBN_SEC1,Soy_sprout_SEC_24_1a_10242017,22
SOYBN_SEC1,Soy_sprout_SEC_25_1a_10202017,23
SOYBN_SEC1,Soy_sprout_SEC_35_1a_10242017,33
SOYBN_SEC1,Soy_sprout_SEC_36_1a_10242017,34
SOYBN_SEC1,Soy_sprout_SEC_37_1a_10202017,35
SOYBN_SEC1,Soy_sprout_SEC_12_1a_10242017,10
SOYBN_SEC1,Soy_sprout_SEC_06_1a_10222017,4
SOYBN_SEC1,Soy_sprout_SEC_07_1a_10222017,5
SOYBN_SEC1,Soy_sprout_SEC_08_1a_10232017,6
SOYBN_SEC1,Soy_sprout_SEC_09_1a_10232017,7
SOYBN_SEC1,Soy_sprout_SEC_14_1a_10212017,12
SOYBN_SEC1,Soy_sprout_SEC_16_1a_10212017,14
SOYBN_SEC1,Soy_sprout_SEC_18_1a_10222017,16
SOYBN_SEC1,Soy_sprout_SEC_21_1a_10232017,19
SOYBN_SEC1,Soy_sprout_SEC_22_1a_10242017,20
SOYBN_SEC1,Soy_sprout_SEC_23_1a_10242017,21
SOYBN_SEC1,Soy_sprout_SEC_32_1a_10232017,30
SOYBN_SEC1,Soy_sprout_SEC_40_1a_10212017,38
SOYBN_SEC1,Soy_sprout_SEC_41_1a_10222017,39
SOYBN_SEC1,Soy_sprout_SEC_42_1a_10222017,40
SOYBN_SEC1,Soy_sprout_SEC_43_1a_10232017,41
SOYBN_SEC1,Soy_sprout_SEC_44_1a_10232017,42
SOYBN_SEC1,Soy_sprout_SEC_45_1a_10232017,43
SOYBN_SEC1,Soy_sprout_SEC_46_1a_10242017,44
SOYBN_SEC1,Soy_sprout_SEC_47_1a_10242017,45
SOYBN_SEC1,Soy_sprout_SEC_49_1a_10202017,47
SOYBN_SEC1,Soy_sprout_SEC_50_1a_10212017,48
SOYBN_SEC1,Soy_sprout_SEC_51_1a_10212017,49
SOYBN_SEC1,Soy_sprout_SEC_52_1a_10222017,50
SOYBN_SEC1,Soy_sprout_SEC_53_1a_10222017,51
SOYBN_SEC1,Soy_sprout_SEC_54_1a_10222017,52
SOYBN_SEC1,Soy_sprout_SEC_55_1a_10232017,53
SOYBN_SEC1,Soy_sprout_SEC_56_1a_10232017,54
SOYBN_SEC1,Soy_sprout_SEC_57_1a_10242017,55
SOYBN_SEC1,Soy_sprout_SEC_58_1a_10242017,56
SOYBN_SEC1,Soy_sprout_SEC_59_1a_10242017,57
SOYBN_SEC1,Soy_sprout_SEC_61_1a_10202017,59
SOYBN_SEC1,Soy_sprout_SEC_63_1a_10212017,61
SOYBN_SEC1,Soy_sprout_SEC_64_1a_10222017,62
SOYBN_SEC1,Soy_sprout_SEC_66_1a_10222017,64
SOYBN_SEC1,Soy_sprout_SEC_67_1a_10232017,65
SOYBN_SEC1,Soy_sprout_SEC_68_1a_10232017,66
SOYBN_SEC1,Soy_sprout_SEC_60_1a_10242017,58
SOYBN_SEC1,Soy_sprout_SEC_69_1a_10242017,67
SOYBN_SEC1,Soy_sprout_SEC_05_1a_10222017,3
SOYBN_SEC1,Soy_sprout_SEC_17_1a_10222017,15
SOYBN_SEC1,Soy_sprout_SEC_38_1a_10212017,36
SOYBN_SEC1,Soy_sprout_SEC_65_1a_10222017,63
SOYBN_SEC1,Soy_sprout_SEC_48_1a_10242017,46
SOYBN_SEC2,SoySEC_standards_02a_03132018,1
SOYBN_SEC2,SoySEC_standards_03a_03142018,2
SOYBN_SEC2,SoySEC_standards_04a_03142018,3
SOYBN_SEC2,SoySEC_standards_15a_03142018,13
SOYBN_SEC2,SoySEC_standards_18a_03152018,16
SOYBN_SEC2,SoySEC_standards_23a_03172018,21
SOYBN_SEC2,SoySEC_standards_29a_03152018,27
SOYBN_SEC2,SoySEC_standards_32a_03162018,30
SOYBN_SEC2,SoySEC_standards_33a_03162018,31
SOYBN_SEC2,SoySEC_standards_34a_03162018,32
SOYBN_SEC2,SoySEC_standards_35a_03172018,33
SOYBN_SEC2,SoySEC_standards_36a_03172018,34
SOYBN_SEC2,SoySEC_standards_38a_03142018,36
SOYBN_SEC2,SoySEC_standards_39a_03142018,37
SOYBN_SEC2,SoySEC_standards_40a_03142018,38
SOYBN_SEC2,SoySEC_standards_45a_03162018,43
SOYBN_SEC2,SoySEC_standards_47a_03172018,45
SOYBN_SEC2,SoySEC_standards_06a_03152018,4
SOYBN_SEC2,SoySEC_standards_08a_03162018,6
SOYBN_SEC2,SoySEC_standards_09a_03162018,7
SOYBN_SEC2,SoySEC_standards_10a_03162018,8
SOYBN_SEC2,SoySEC_standards_11a_03172018,9
SOYBN_SEC2,SoySEC_standards_12a_03172018,10
SOYBN_SEC2,SoySEC_standards_48a_03172018,46
SOYBN_SEC2,SoySEC_standards_71a_03172018,69
SOYBN_SEC2,SoySEC_standards_24a_03172018,22
SOYBN_SEC2,SoySEC_standards_25a_03132018,23
SOYBN_SEC2,SoySEC_standards_31a_03152018,29
SOYBN_SEC2,SoySEC_standards_16a_03142018,14
SOYBN_SEC2,SoySEC_standards_26a_03132018,24
SOYBN_SEC2,SoySEC_standards_14a_03132018,12
SOYBN_SEC2,SoySEC_standards_17a_03152018,15
SOYBN_SEC2,SoySEC_standards_19a_03152018,17
SOYBN_SEC2,SoySEC_standards_07a_03152018,5
SOYBN_SEC2,SoySEC_standards_21a_03162018,19
SOYBN_SEC2,SoySEC_standards_22a_03162018,20
SOYBN_SEC2,SoySEC_standards_28a_03142018,26
SOYBN_SEC2,SoySEC_standards_30a_03152018,28
SOYBN_SEC2,SoySEC_standards_41a_03152018,39
SOYBN_SEC2,SoySEC_standards_43a_03152018,41
SOYBN_SEC2,SoySEC_standards_44a_03162018,42
SOYBN_SEC2,SoySEC_standards_46a_03162018,44
SOYBN_SEC2,SoySEC_standards_49a_03132018,47
SOYBN_SEC2,SoySEC_standards_50a_03142018,48
SOYBN_SEC2,SoySEC_standards_52a_03142018,50
SOYBN_SEC2,SoySEC_standards_55a_03152018,53
SOYBN_SEC2,SoySEC_standards_56a_03162018,54
SOYBN_SEC2,SoySEC_standards_57a_03162018,55
SOYBN_SEC2,SoySEC_standards_60a_03172018,58
SOYBN_SEC2,SoySEC_standards_61a_03132018,59
SOYBN_SEC2,SoySEC_standards_65a_03152018,63
SOYBN_SEC2,SoySEC_standards_66a_03152018,64
SOYBN_SEC2,SoySEC_standards_68a_03162018,66
SOYBN_SEC2,SoySEC_standards_69a_03162018,67
SOYBN_SEC2,SoySEC_standards_72a_03172018,70
SOYBN_SEC2,SoySEC_standards_62a_03142018,60
SOYBN_SEC2,SoySEC_standards_53a_03152018,51
SOYBN_SEC2,SoySEC_standards_59a_03172018,57
SOYBN_SEC2,SoySEC_standards_20a_03162018,18
SOYBN_SEC2,SoySEC_standards_67a_03162018,65
SOYBN_SEC2,SoySEC_standards_70a_03172018,68
SOYBN_SEC2,SoySEC_standards_51a_03142018,49
SOYBN_SEC2,SoySEC_standards_42a_03152018,40
SOYBN_SEC2,SoySEC_standards_58a_03162018,56
SOYBN_SEC2,SoySEC_standards_63a_03142018,61
SOYBN_SEC2,SoySEC_standards_64a_03142018,62
SOYBN_SEC2,SoySEC_standards_13a_03132018,11
SOYBN_SEC2,SoySEC_standards_37a_03132018,35
SOYBN_SEC2,SoySEC_standards_54a_03152018,52
SOYBN_SEC2,SoySEC_standards_27a_03142018,25
